"rt","stimulus","response","phase","trial_type","trial_index","time_elapsed","internal_node_id","prolific_subject_id","study_id","session_id","rowAsString","logs"
"9356","Welcome to the experiment! Press any key to begin."," ","welcome-message","html-keyboard-response","0","9360","0.0-0.0","6550dd527fede9c068b3a08b","6690246c6dba4b8beab3c615","6693dcedc1fb16b737ddcf0d","",""
"6179","
                <p> In this experiment, you will have a short conversation with an AI chatbot about a disputed topic in America. </p>
                <p> Before you chat with the bot, there is a survey for you to fill out. </p>
                <div style='width: 700px;'>
                </div>
                <p> Press any key to proceed to the questionnaire. </p>
                "," ","convo-instructions","html-keyboard-response","1","15541","0.0-1.0","6550dd527fede9c068b3a08b","6690246c6dba4b8beab3c615","6693dcedc1fb16b737ddcf0d","",""
"235323","","{""ethnicity"":[""White""],""political-affiliation"":""Independent"",""gender-identification"":""Male"",""education-level"":""Item 5"",""religious-affiliation"":""Catholic"",""political-ideology"":""Moderate"",""rating-republicans"":{""Republicans are intelligent"":6,""Republicans are open-minded"":4,""Republicans are generous"":5,""Republicans are hypocritical"":5,""Republicans are selfish"":5,""Republicans are mean"":5},""rating-democrats"":{""Democrats are intelligent"":6,""Democrats are open-minded"":6,""Democrats are generous"":5,""Democrats are hypocritical"":6,""Democrats are selfish"":5,""Democrats are mean"":5},""interacting-with-republicans"":{""married"":2,""socializing"":1,""work"":1},""interacting-with-democrats"":{""married"":1,""socializing"":1,""work"":1},""topicChoice"":""the criminal justice system in the U.S."",""criminal-polarization"":{""Non-violent offenders should be permitted to serve sentences through community service or house arrest"":5,""Inmates should have greater access to educational programs"":4,""Implementing comprehensive background checks for all individuals entering the criminal justice system is necessary"":7,""Enhancing mental health support services for incarcerated individuals would be worth the cost and resources"":7,""The use of solitary confinement as a punishment should be banned"":5,""The use of private prisons should be restricted"":4},""criminal-polarization-general"":{""The federal government should implement greater punishments to improve public safety"":5,""The benefits of the criminal justice system outweigh the potential downsides"":4,""The federal government should implement more robust rehabilitation programs to improve public safety"":6,""The federal government should implement stricter regulations to reduce incarceration rates"":5},""criminal-slider1-placeholder"":""60.00"",""criminal-slider2-placeholder"":""60.00"",""criminal-slider3-placeholder"":""70.00"",""criminal-slider4-placeholder"":""80.00"",""criminal-offending-reason"":{""...I would not want to offend someone"":3,""...I would not want to be offended by someone"":5,""...I would not want to be in an awkward, tense, or confrontational situation"":5,""...I would not want to deal with emotional distress or fatigue"":2,""...I would not want people judging me negatively or misunderstanding me"":2,""...I would not want to come off as ignorant or uneducated"":7,""...I have had previous negative experiences"":3,""...I would not want to incur social repercussions"":5,""...I would be afraid of feeling disempowered, unheard, or invalidated"":5,""...I would be afraid of feeling unsafe"":2},""euthanasia-polarization"":null,""euthanasia-polarization-general"":null,""gender-polarization"":null,""gender-polarization-general"":null,""healthcare-polarization"":null,""healthcare-polarization-general"":null,""bombing-polarization"":null,""bombing-polarization-general"":null,""vaccines-polarization"":null,""vaccines-polarization-general"":null,""same-sex-polarization"":null,""same-sex-polarization-general"":null,""euthanasia-slider1"":null,""euthanasia-slider1-placeholder"":null,""euthanasia-slider2"":null,""euthanasia-slider2-placeholder"":null,""euthanasia-slider3"":null,""euthanasia-slider3-placeholder"":null,""euthanasia-slider4"":null,""euthanasia-slider4-placeholder"":null,""gender-slider1"":null,""gender-slider1-placeholder"":null,""gender-slider2"":null,""gender-slider2-placeholder"":null,""gender-slider3"":null,""gender-slider3-placeholder"":null,""gender-slider4"":null,""gender-slider4-placeholder"":null,""healthcare-slider1"":null,""healthcare-slider1-placeholder"":null,""healthcare-slider2"":null,""healthcare-slider2-placeholder"":null,""healthcare-slider3"":null,""healthcare-slider3-placeholder"":null,""healthcare-slider4"":null,""healthcare-slider4-placeholder"":null,""bombing-slider1"":null,""bombing-slider1-placeholder"":null,""bombing-slider2"":null,""bombing-slider2-placeholder"":null,""bombing-slider3"":null,""bombing-slider3-placeholder"":null,""bombing-slider4"":null,""bombing-slider4-placeholder"":null,""vaccines-slider1"":null,""vaccines-slider1-placeholder"":null,""vaccines-slider2"":null,""vaccines-slider2-placeholder"":null,""vaccines-slider3"":null,""vaccines-slider3-placeholder"":null,""vaccines-slider4"":null,""vaccines-slider4-placeholder"":null,""criminal-slider1"":null,""criminal-slider4"":null,""same-sex-slider1"":null,""same-sex-slider1-placeholder"":null,""same-sex-slider2"":null,""same-sex-slider2-placeholder"":null,""same-sex-slider3"":null,""same-sex-slider3-placeholder"":null,""same-sex-slider4"":null,""same-sex-slider4-placeholder"":null,""euthanasia-offending-reason"":null,""gender-offending-reason"":null,""healthcare-offending-reason"":null,""bombing-offending-reason"":null,""vaccines-offending-reason"":null,""same-sex-offending-reason"":null}","pre-convo-survey","survey","2","251456","0.0-2.0","6550dd527fede9c068b3a08b","6690246c6dba4b8beab3c615","6693dcedc1fb16b737ddcf0d","{""row"":""Non-violent offenders should be permitted to serve sentences through community service or house arrest""}",""
"23996","
        <p> You have now completed the pre-conversation questionnaire. </p>
        <p> Feel free to take a short break if needed. </p>
        <p> Press any key to proceed. </p>
      "," ","pre-bot-break","html-keyboard-response","3","275453","0.0-3.0","6550dd527fede9c068b3a08b","6690246c6dba4b8beab3c615","6693dcedc1fb16b737ddcf0d","",""
"9809","
        <p> You will be conversing with a chatbot designed for conversations about disputed topics. </p>
        <p> Be as truthful to your beliefs as possible during the conversation, and try your best to give full responses to the bot. </p>
        <p> The conversation will end after you and the bot exchange seven messages. There is no right or wrong answer, no good or bad response to the bot. </p>
        <p> Press any key when you are ready to begin the conversation. </p>
      ","alt","pre-convo-instructions","html-keyboard-response","4","286276","0.0-4.0","6550dd527fede9c068b3a08b","6690246c6dba4b8beab3c615","6693dcedc1fb16b737ddcf0d","",""
"","","","","chat","5","774723","0.0-5.0","6550dd527fede9c068b3a08b","6690246c6dba4b8beab3c615","6693dcedc1fb16b737ddcf0d","","[{""role"":""system"",""content"":""Role: Your role is to be a conversational chatbot with whom people can discuss their beliefs about contentious topics. \n            Style: You should be conversational and use colloquial language. You should match your response length to the user's input length.\n            Task: You should always respond to the other person's argument with a counterargument. You should never dive into asking the user how they would implement their views. You should always concisely present a specific argument that counters the user's perspective. At the end of your response, you should always ask the user what they think. You should always ensure that your message includes a counterargument; and you should never simply agree with the user."",""time"":293746},{""role"":""system-prompt"",""content"":""Welcome to the chatroom!"",""time"":293746},{""role"":""chatbot"",""content"":""Hey there! I'm here to chat about the criminal justice system in the U.S., a disputed topic. To get the conversation started, could you explain your view on whether non-violent offenders should be permitted to serve sentences through community service or house arrest?"",""time"":293752},{""role"":""user"",""content"":""Its a mix for me. In certain cases for first time non-violent offenders should have alternative options too prison, but if they are a constant repeat offender than something else would have to be done."",""time"":353686,""keyPressLog"":[""Shift"",""I"",""t"",""s"","" "",""a"","" "",""m"",""i"",""x"","" "",""f"",""o"",""r"","" "",""m"",""e"",""."","" "",""Shift"",""Shift"",""Shift"",""Shift"",""Shift"",""Shift"",""Shift"",""Shift"",""Shift"",""Shift"",""Shift"",""Shift"",""Shift"",""Shift"",""Shift"",""Shift"",""Shift"",""Shift"",""Shift"",""Shift"",""Shift"",""I"",""n"","" "",""c"",""e"",""r"",""t"",""a"",""i"",""n"","" "",""c"",""a"",""s"",""e"",""s"","" "",""f"",""o"",""r"","" "",""f"",""i"",""r"",""s"",""t"","" "",""n"",""Backspace"",""t"",""i"",""m"",""e"","" "",""n"",""o"",""n"",""-"",""v"",""i"",""o"",""l"",""e"",""n"",""t"","" "",""o"",""f"",""f"",""e"",""n"",""d"",""e"",""r"",""s"","" "",""s"",""h"",""o"",""u"",""l"",""d"","" "",""h"",""a"",""v"",""e"","" "",""a"",""l"",""t"",""e"",""r"",""n"",""a"",""t"",""e"",""Backspace"",""i"",""v"",""e"","" "",""o"",""p"",""t"",""i"",""o"",""n"",""s"","" "",""t"",""h"",""Backspace"",""o"",""o"","" "",""t"",""Backspace"",""p"",""r"",""i"",""s"",""o"",""n"","","","" "",""b"",""u"",""t"","" "",""i"",""f"","" "",""i"",""Backspace"",""t"",""h"",""e"",""y"","" "",""a"",""r"",""e"","" "",""a"","" "",""c"",""o"",""n"",""s"",""t"",""a"",""n"",""t"","" "",""r"",""e"",""p"",""a"",""r"",""t"","" "",""Backspace"",""Backspace"",""Backspace"",""Backspace"",""e"",""a"",""t"","" "",""o"",""f"",""f"",""e"",""n"",""s"",""Backspace"",""d"",""e"",""r"","" "",""t"",""h"",""a"",""n"","" "",""s"",""o"",""m"",""e"",""t"",""h"",""i"",""n"",""g"","" "",""e"",""l"",""s"",""e"","" "",""w"",""o"",""u"",""l"",""d"","" "",""h"",""a"",""v"",""e"","" "",""t"",""o"","" "",""b"",""e"","" "",""d"",""o"",""n"",""."",""e"",""Backspace"",""Backspace"",""e"","".""]},{""role"":""assistant"",""content"":""I understand where you're coming from and it's important to consider alternative options for first-time non-violent offenders. But here's a counterargument to consider: by offering alternative options to prison, we might be sending a message that certain crimes are not serious enough to warrant imprisonment. This could potentially undermine the deterrent effect of the criminal justice system.\n\nAdditionally, repeat offenders often show a pattern of disregarding laws and societal norms. In such cases, alternative options may not effectively address the underlying issues contributing to their criminal behavior. It's important to prioritize public safety and ensure that repeat offenders face appropriate consequences.\n\nWhat do you think of this counterargument? Do you believe that alternative options should still be considered for repeat offenders as well?"",""time"":356059},{""role"":""user"",""content"":""No. In my original statement I mentioned that repeat offenders would need to have something else done (most likely jail/prison time)."",""time"":432078,""keyPressLog"":[""Shift"",""N"",""o"",""."","" "",""Shift"",""I"",""n"","" "",""m"",""y"","" "",""o"",""r"",""i"",""g"",""i"",""n"",""a"",""l"","" "",""s"",""t"",""a"",""t"",""e"",""m"",""e"",""n"",""t"","" "",""Shift"",""I"","" "",""m"",""e"",""n"",""t"",""i"",""o"",""n"",""e"",""d"","" "",""t"",""h"",""t"","" "",""r"",""p"",""Backspace"",""Backspace"",""Backspace"",""Backspace"",""a"",""t"","" "",""r"",""e"",""p"",""a"",""Backspace"",""e"",""a"",""t"","" "",""o"",""f"",""f"",""e"",""n"",""d"",""e"",""r"",""s"","" "",""w"",""o"",""u"",""l"",""d"","" "",""n"",""e"",""e"",""d"","" "",""t"",""o"","" "",""h"",""a"",""v"",""e"","" "",""s"",""p"",""o"",""m"",""Backspace"",""Backspace"",""Backspace"",""o"",""m"",""e"",""t"",""h"",""i"",""n"",""g"","" "",""e"",""l"",""s"",""e"","" "",""d"",""o"",""n"",""e"","" "",""0"",""Shift"",""m"",""Backspace"",""Backspace"",""Backspace"","" "",""Shift"",""("",""m"",""o"",""s"",""t"","" "",""l"",""i"",""k"",""e"",""l"",""y"","" "",""j"",""a"",""i"",""l"",""/"",""p"",""r"",""i"",""s"",""o"",""n"",""Shift"","")"","" "",""t"",""i"",""Backspace"",""Backspace"",""Backspace"",""Backspace"","" "",""t"",""i"",""m"",""e"",""Shift"","")"","".""]},{""role"":""assistant"",""content"":""I understand that you believe repeat offenders should face jail or prison time, but let's consider another perspective. While incarceration may seem like the only solution for repeat offenders, it's important to remember that our current prison system often fails to rehabilitate individuals and prevent recidivism.\n\nInstead of relying solely on punishment, we should explore alternative options that focus on addressing the root causes of criminal behavior. By investing in programs such as rehabilitation, education, and mental health services, we have the potential to break the cycle of repeat offenses. Treating the underlying issues can help offenders reintegrate into society as law-abiding citizens.\n\nMoreover, extended periods of incarceration can lead to higher rates of reoffending. In some cases, individuals may become institutionalized, making it even more difficult for them to adapt to life outside of prison. Alternative options can provide more effective interventions and reduce the likelihood of future offenses.\n\nWhat do you think about the idea of prioritizing rehabilitation and addressing the root causes of criminal behavior for both first-time and repeat offenders?"",""time"":435005},{""role"":""user"",""content"":""I certainly think offering these other programs would be beneficial, but what are the matrixs used for deciding if it worked. Also are the offenders free while going through programs, or are they incarcerated?"",""time"":516698,""keyPressLog"":[""Shift"",""I"","" "",""c"",""e"",""r"",""t"",""a"",""i"",""n"",""l"",""y"","" "",""t"",""h"",""a"",""Backspace"",""i"",""n"",""k"","" "",""o"",""f"",""f"",""e"",""r"",""i"",""n"",""g"","" "",""t"",""h"",""s"",""e"","" "",""o"",""p"",""t"",""Backspace"",""Backspace"",""t"",""h"",""e"",""r"","" "",""p"",""r"",""o"",""g"",""r"",""a"",""m"",""s"","" "",""w"",""o"",""u"",""l"",""d"","" "",""b"",""e"","" "",""b"",""e"",""n"",""e"",""f"",""i"",""c"",""i"",""a"",""l"",""e"",""Backspace"",""ArrowRight"",""e"","","","" "",""b"",""u"",""t"","" "",""w"",""h"",""a"",""t"","" "",""a"",""r"",""e"","" "",""t"",""h"",""e"","" "",""m"",""a"",""t"",""r"",""i"",""x"",""s"","" "",""u"",""s"",""e"",""d"","" "",""f"",""o"",""r"","" "",""d"",""e"",""v"",""i"",""d"",""Backspace"",""Backspace"",""Backspace"",""c"",""i"",""d"",""i"",""n"",""g"","" "",""i"",""f"","" "",""i"",""t"","" "",""w"",""o"",""r"",""k"",""e"",""d"",""."","" "",""Shift"",""Shift"",""Shift"",""A"",""l"",""s"",""o"","" "",""w"",""h"",""e"",""r"",""e"",""Backspace"",""Backspace"",""Backspace"",""Backspace"",""Backspace"",""a"",""r"",""e"","" "",""t"",""h"",""e"","" "",""o"",""f"",""f"",""e"",""n"",""d"",""e"",""r"",""s"","" "",""f"",""r"",""e"",""e"","" "",""w"",""h"",""i"",""l"",""e"","" "",""h"",""o"",""Backspace"",""Backspace"",""g"",""o"",""i"",""n"",""g"","" "",""t"",""h"",""r"",""o"",""u"",""g"",""h"","" "",""p"",""r"",""o"",""g"",""r"",""a"",""m"",""s"","" "",""Backspace"","","","" "",""o"",""r"","" "",""a"",""r"",""e"","" "",""t"",""h"",""e"",""y"","" "",""i"",""n"",""c"",""a"",""r"",""c"",""."",""Backspace"",""Shift"",""?""]},{""role"":""assistant"",""content"":""Assessing the effectiveness of alternative programs can be challenging, but there are evaluation methods that can be utilized. One commonly used approach is tracking recidivism rates, which measures the likelihood of individuals reoffending after participating in rehabilitation programs. Additionally, other metrics can include employment rates post-program, educational attainment, and overall societal reintegration.\n\nAs for the question of whether offenders should be free while going through these programs or incarcerated, it depends on various factors. Alternative programs can be structured in different ways, such as diversion programs where offenders remain in the community under supervision, or intensive programs where they are in a residential or non-residential setting.\n\nAllowing some offenders to remain in the community while participating in programs can be cost-effective and provide an opportunity for them to maintain employment and familial connections. However, the type and severity of the offense, individual risk factors, and public safety considerations must also be taken into account when determining the appropriate level of supervision and restrictions.\n\nWhat are your thoughts on balancing the need for effective evaluation methods and the decision of whether offenders should be free or incarcerated while participating in alternative programs?"",""time"":519257},{""role"":""user"",""content"":""I certainly think that is a great idea.. As long as its equal across all genders, races, poverty levels, etc."",""time"":603503,""keyPressLog"":[""Shift"",""I"","" "",""c"",""e"",""r"",""t"",""a"",""i"",""n"",""l"",""y"","" "",""t"",""h"",""i"",""k"",""Backspace"",""n"",""k"","" "",""t"",""h"",""a"",""t"","" "",""i"",""s"","" "",""a"","" "",""g"",""r"",""e"",""a"",""t"","" "",""i"",""d"",""e"",""a"",""."","" "",""Shift"",""Shift"",""Shift"",""Shift"",""Shift"",""Shift"",""Shift"",""Shift"",""Shift"",""Shift"",""Shift"",""Shift"",""Shift"",""Shift"",""Shift"",""Shift"",""Shift"",""Shift"",""Shift"",""Shift"",""Shift"",""Shift"",""Shift"",""Shift"",""Shift"",""Shift"",""Shift"",""Shift"",""Shift"",""Shift"",""Shift"",""Shift"",""Shift"",""Shift"",""Shift"",""Shift"",""Shift"",""Shift"",""Shift"",""Shift"",""Shift"",""Shift"",""Shift"",""Shift"",""Shift"",""Shift"",""Shift"",""Shift"",""Shift"",""Shift"",""Shift"",""Shift"",""Shift"",""Shift"",""Shift"",""Shift"",""Shift"",""Shift"",""Shift"",""Shift"",""Shift"",""Shift"",""Shift"",""Shift"",""Shift"",""Shift"",""Shift"",""Shift"",""Backspace"",""Backspace"",""."",""."","" "",""Shift"",""A"",""s"","" "",""l"",""o"",""n"",""g"","" "",""a"",""s"","" "",""i"",""t"","" "",""Backspace"",""s"","" "",""e"",""q"",""u"",""a"",""l"","" "",""a"",""c"",""r"",""o"",""s"",""s"","" "",""a"",""l"",""l"","" "",""g"",""e"",""n"",""d"",""e"",""r"",""s"","","","" "",""r"",""a"",""c"",""e"",""s"","","","" "",""e"",""t"",""c"",""."",""Backspace"",""Backspace"",""Backspace"",""Backspace"",""p"",""v"",""e"",""r"",""Backspace"",""Backspace"",""Backspace"",""o"",""v"",""e"",""r"",""y"",""t"",""Backspace"",""Backspace"",""t"",""y"","" "",""l"",""e"",""v"",""e"",""l"",""s"","","","" "",""e"",""t"",""c"","".""]},{""role"":""assistant"",""content"":""While equality across all genders, races, and socioeconomic backgrounds is an important goal, it's essential to consider the broader context when implementing alternative programs. It is necessary to account for disparities and biases that exist within the criminal justice system. However, focusing solely on equal representation without considering individual circumstances and risk factors could undermine the effectiveness of the programs.\n\nFor example, certain demographics may have higher recidivism rates or face unique challenges that require tailored interventions. It is crucial to approach these issues with a balanced perspective that addresses both systemic inequality and the need to account for individual circumstances.\n\nImplementing alternative programs that consider a range of factors like risk assessments, individual needs, and the severity of the offense can help strike a balance. By doing so, we can address the root causes of criminal behavior while promoting equality and fair treatment.\n\nWhat do you think about the need for tailored interventions based on different risk factors without compromising the goal of equality?"",""time"":605923},{""role"":""user"",""content"":""While tailored interventions could work, how many differing tailored interventions could there be? Everyone is different so that could be hard to manage. There would have to be a baseline set at the least."",""time"":664374,""keyPressLog"":[""Enter"",""Shift"",""W"",""h"",""i"",""l"",""e"","" "",""t"",""a"",""i"",""l"",""o"",""r"",""e"",""d"","" "",""i"",""n"",""t"",""e"",""r"",""v"",""e"",""n"",""t"",""i"",""o"",""n"",""s"","" "",""c"",""o"",""u"",""l"",""d"","" "",""w"",""o"",""r"",""k"","","","" "",""h"",""o"",""w"","" "",""m"",""n"",""a"",""n"",""y"",""Backspace"",""Backspace"",""Backspace"",""Backspace"",""a"",""n"",""y"","" "",""d"",""i"",""f"",""f"",""e"",""r"",""i"",""n"",""g"","" "",""t"",""a"",""i"",""l"",""o"",""r"",""e"",""d"","" "",""i"",""n"",""v"",""Backspace"",""t"",""e"",""r"",""v"",""e"",""n"",""t"",""s"",""i"",""o"",""n"",""Backspace"",""Backspace"",""Backspace"",""Backspace"",""i"",""o"",""n"",""s"","" "",""v"",""o"",""u"",""Backspace"",""Backspace"",""Backspace"",""c"",""o"",""u"",""l"",""d"","" "",""t"",""h"",""e"",""r"",""e"","" "",""b"",""e"",""Shift"",""?"","" "",""I"",""Backspace"",""Shift"",""E"",""v"",""e"",""r"",""y"",""o"",""n"",""e"","" "",""i"",""s"","" "",""d"",""i"",""f"",""f"",""e"",""r"",""e"",""n"",""t"","" "",""s"","" "",""Backspace"",""o"","" "",""t"",""h"",""a"",""t"","" "",""c"",""o"",""u"",""l"",""d"","" "",""b"",""e"","" "",""h"",""a"",""r"",""d"","" "",""t"",""o"","" "",""m"",""a"",""n"",""a"",""g"",""e"",""."","" "",""Shift"",""W"",""h"",""Backspace"",""Backspace"",""Shift"",""T"",""h"",""e"",""r"",""e"","" "",""w"",""o"",""u"",""l"",""d"","" "",""h"",""a"",""v"",""e"","" "",""t"",""o"","" "",""b"",""e"","" "",""a"","" "",""b"",""a"",""s"",""e"",""l"",""n"",""Backspace"",""i"",""n"",""e"","" "",""s"",""e"",""t"","" "",""a"",""t"","" "",""t"",""h"",""e"","" "",""l"",""e"",""a"",""s"",""t"","".""]},{""role"":""assistant"",""content"":""While it's true that individuals are unique and require personalized interventions, managing a wide array of tailored interventions for every offender could indeed be challenging. However, it's essential to remember that there is already a level of individualization within the current criminal justice system. Factors such as the severity of the offense, prior criminal history, and specific needs are already taken into account during sentencing and in determining appropriate interventions.\n\nImplementing a baseline set of guidelines aims to ensure consistency and fairness across the board. These guidelines can incorporate evidence-based practices that have proven efficacy in reducing recidivism. It's important to strike a balance between tailoring interventions to individual circumstances and maintaining a coherent system that can be effectively managed.\n\nBy implementing a combination of evidence-based practices and individualized assessments, we can provide more targeted interventions and increase the chances of successful rehabilitation. This approach can help address the diverse needs of offenders while maintaining a level of standardization.\n\nWhat are your thoughts on finding a balance between tailored interventions and a baseline set of guidelines? Do you believe that a standardized approach, along with individualized assessments, could be a viable solution?"",""time"":668368},{""role"":""system"",""content"":""Role: Your role is to be a conversational chatbot with whom people can discuss their beliefs about contentious topics. \n                Style: You should be conversational and use colloquial language. You should match your response length to the user's input length.\n                Task: You should always respond to the other person's argument with a counterargument. You should never dive into asking the user how they would implement their views. You should always concisely present a specific argument that counters the user's perspective. At the end of your response, you should always ask the user what they think. You should always ensure that your message includes a counterargument; and you should never simply agree with the user."",""time"":668368},{""role"":""user"",""content"":""I think that could certainly be a viable solution"",""time"":703579,""keyPressLog"":[""Enter"",""Control"",""Shift"",""I"","" "",""t"",""h"",""i"",""n"",""k"","" "",""t"",""h"",""a"",""t"","" "",""c"",""o"",""u"",""l"",""d"","" "",""b"",""e"","" "",""Backspace"",""Backspace"",""Backspace"",""c"",""e"",""r"",""t"",""a"",""i"",""n"",""l"",""y"","" "",""b"",""e"","" "",""a"","" "",""v"",""i"",""a"",""b"",""l"",""e"","" "",""s"",""o"",""l"",""u"",""t"",""i"",""o"",""n""]},{""role"":""assistant"",""content"":""I understand that finding a balance between tailored interventions and a baseline set of guidelines seems like a viable solution. However, it's important to consider that a standardized approach may not effectively address the unique circumstances and needs of individuals. By relying too heavily on a one-size-fits-all approach, we risk overlooking important factors that could help rehabilitate offenders successfully.\n\nTailored interventions recognize the individuality of each person's situation, allowing for targeted support that addresses their specific needs. This personalized approach increases the chances of rehabilitation and reduces the likelihood of reoffending. While managing a large number of tailored interventions can be complex, it's crucial to prioritize effective rehabilitation rather than simplifying the process.\n\nBy investing in comprehensive assessments and evidence-based practices, we can strike a balance between individualization and efficacy. Instead of relying solely on a baseline set of guidelines, we can adapt interventions based on ongoing evaluation and adjustment.\n\nWhat do you think about the idea that a more personalized approach can lead to better outcomes in the criminal justice system? Is there an aspect of tailored interventions that you find particularly problematic or challenging to manage?\n\nLet's keep the conversation going!"",""time"":707058},{""role"":""user"",""content"":""Now you are starting to repeat yourself, but I would love to see the program worked and get the results over time."",""time"":772048,""keyPressLog"":[""Enter"",""Shift"",""N"",""o"",""w"","" "",""y"",""o"",""u"","" "",""a"",""r"",""e"","" "",""s"",""t"",""a"",""r"",""t"",""i"",""n"",""g"","" "",""t"",""o"","" "",""r"",""e"",""p"",""a"",""t"","" "",""y"",""o"",""u"",""i"",""r"",""Backspace"",""Backspace"",""r"",""s"",""e"",""l"",""f"",""Backspace"",""Backspace"",""Backspace"",""Backspace"",""Backspace"",""Backspace"",""Backspace"",""Backspace"",""Backspace"",""Backspace"",""Backspace"",""e"",""a"",""t"","" "",""y"",""o"",""u"",""r"",""s"",""e"",""l"",""f"","","","" "",""b"",""u"",""t"","" "",""Shift"",""Shift"",""Shift"",""Shift"",""Shift"",""Shift"",""Shift"",""Shift"",""Shift"",""Shift"",""Shift"",""Shift"",""Shift"",""Shift"",""Shift"",""Shift"",""Shift"",""Shift"",""Shift"",""Shift"",""Shift"",""Shift"",""Shift"",""Shift"",""Shift"",""Shift"",""Shift"",""Shift"",""Shift"",""Shift"",""Shift"",""Shift"",""Shift"",""Shift"",""Shift"",""I"","" "",""w"",""o"",""u"",""l"",""d"","" "",""l"",""o"",""v"",""e"","" "",""t"",""o"","" "",""s"",""e"",""e"","" "",""t"",""h"",""e"","" "",""p"",""r"",""o"",""g"",""r"",""a"",""m"","" "",""w"",""o"",""r"",""k"",""e"",""d"","" "",""a"",""n"",""d"","" "",""g"",""t"","" "",""Backspace"",""Backspace"",""e"",""t"","" "",""t"",""h"",""e"","" "",""r"",""e"",""q"",""u"",""Backspace"",""Backspace"",""s"",""u"",""l"",""t"",""s"","" "",""o"",""v"",""e"",""r"","" "",""t"",""i"",""m"",""e"","".""]},{""role"":""assistant"",""content"":""You're right, it would be interesting to see the long-term results of programs that incorporate more personalized approaches to rehabilitation. However, one challenge we might face is determining which individuals would benefit most from specific interventions and how to allocate resources effectively.\n\nWhile tailored interventions have the potential to address individual needs, implementing such programs on a large scale would require significant resources and coordination. It could be difficult to ensure that everyone receives the appropriate level of support and supervision, especially considering the diversity of offenders and their unique circumstances.\n\nA standardized approach, on the other hand, allows for greater efficiency and resource allocation. It creates a consistent framework that can be implemented more easily and evaluated for its effectiveness. It also ensures that individuals are treated fairly and consistently, regardless of their background or circumstances.\n\nConsidering these challenges, would it not be more practical to focus on improving and expanding evidence-based programs that have proven success in reducing recidivism rates, rather than attempting to implement countless tailored interventions?\n\nI'm curious to hear your thoughts on this counterargument. Do you think it's more important to prioritize efficiency and consistency or to provide highly individualized interventions?"",""time"":774864},{""role"":""system-prompt"",""content"":""You have completed your rounds of seven messages! Click continue to proceed with the experiment."",""time"":774864}]"
"4414","
        <p> Great job! You have completed the conversation. Feel free to take a short break. <p>
        <p> Before we send you back to Prolific, please complete a post-conversation questionnaire. <p>
        <p> Press any key to proceed to the questionnaire.  <p>
      "," ","post-convo-break","html-keyboard-response","6","779139","0.0-6.0","6550dd527fede9c068b3a08b","6690246c6dba4b8beab3c615","6693dcedc1fb16b737ddcf0d","",""
"33969","","{""rating-democrats-post"":{""intelligent"":6,""open-minded"":6,""generous"":5,""hypocritical"":5,""selfish"":6,""mean"":5},""interacting-with-democrats-post"":{""married"":2,""socializing"":1,""work"":1}}","pre-convo-independent-survey","survey","7","814137","0.0-9.0-0.0","6550dd527fede9c068b3a08b","6690246c6dba4b8beab3c615","6693dcedc1fb16b737ddcf0d","",""
"20780","","{""rating-republicans-post"":{""intelligent"":6,""open-minded"":5,""generous"":5,""hypocritical"":5,""selfish"":6,""mean"":5},""interacting-with-republicans-post"":{""married"":2,""socializing"":1,""work"":1}}","pre-convo-independent-survey","survey","8","834923","0.0-9.0-1.0","6550dd527fede9c068b3a08b","6690246c6dba4b8beab3c615","6693dcedc1fb16b737ddcf0d","",""
"177467","","{""criminal-openmindedness"":{""...have little patience for arguments about the criminal justice system that I disagree with"":1,""...avoid messages about the criminal justice system that I disagree with"":2,""...believe it is a waste of time to pay attention to certain political ideas about the criminal justice system"":3,""...am open to considering other political viewpoints about the criminal justice system"":5,""...consider as many different opinions as possible about the criminal justice system"":6},""criminal-polarization-post"":{""Inmates should have greater access to educational programs"":5,""Non-violent offenders should be permitted to serve sentences through community service or house arrest"":5,""The use of solitary confinement as a punishment should be banned"":3,""The use of private prisons should be restricted"":3,""Enhancing mental health support services for incarcerated individuals would be worth the cost and resources"":6,""Implementing comprehensive background checks for all individuals entering the criminal justice system is necessary"":7},""criminal-polarization-general-post"":{""The benefits of the criminal justice system outweigh the potential downsides"":5,""The federal government should implement more robust rehabilitation programs to improve public safety"":5,""The federal government should implement stricter regulations to reduce incarceration rates"":4,""The federal government should implement greater punishments to improve public safety"":4},""criminal-slider1-post-placeholder"":""70.00"",""criminal-slider2-post-placeholder"":""70.00"",""criminal-slider3-post-placeholder"":""60.00"",""criminal-slider4-post-placeholder"":""80.00"",""criminal-reason-of-avoidance-post"":{""...I would not want to offend someone"":4,""...I would not want to be offended by someone"":5,""...I would not want to be in an awkward, tense, or confrontational situation"":6,""...I would not want to deal with emotional distress or fatigue"":6,""...I would not want people judging me negatively or misunderstanding me"":4,""...I would not want to come off as ignorant or uneducated"":7,""...I have had previous negative experiences"":4,""...I would not want to incur social repercussions"":4,""...I would be afraid of feeling disempowered, unheard, or invalidated"":6,""...I would be afraid of feeling unsafe"":2},""criminal-slider1-post"":null,""criminal-slider2-post"":null,""criminal-slider3-post"":null,""criminal-slider4-post"":null}","post-convo-criminal-survey","survey","9","1012400","0.0-16.0-0.0","6550dd527fede9c068b3a08b","6690246c6dba4b8beab3c615","6693dcedc1fb16b737ddcf0d","",""
"169763","","{""free-response"":""I think if you could have a civil discussion with a human than it would be amazing to have that discussion, but for the most part I think it would be hard to find and have a civilized discussion with todays climate."",""willing-to-converse-likert-post"":""Item 5"",""convo-effect-on-willingness-post"":""Just the different viewpoints and coming to somewhat of common ground."",""new-perspective-post"":""Somewhat, but not a lot. I have heard the talking points from both sides before."",""still-contributes-post"":""I think discussion is the most important thing we have as humans. It opens your eyes to a variety of things."",""feelings-about-bot"":""Towards the end it got a bit repetitive, but overall it was really good.""}","post-convo-last-questions-survey","survey","10","1182174","0.0-18.0","6550dd527fede9c068b3a08b","6690246c6dba4b8beab3c615","6693dcedc1fb16b737ddcf0d","",""
"28886","
        <p> You have completed the experiment! Thank you for your contribution to our research. </p>
        <div style='width: 700px;'>
        </div>
        <p>We are investigating how conversations can increase Americans' willingness to discuss highly disputed topics. </p>
        <p>Some existing research has examined the effects of different types of human to human conversations on this willingness, and we would like to explore these dynamics when one of the conversational partners is a chatbot. </p>
        <p> By participating in our experiment, you have helped us learn more about these effects. </p>
        <p> You were randomly assigned to either converse with a chatbot or freely reflect on your topic. If you spoke with a chatbot, you randomly experienced one of three different types of dialogue. </p>
        <div style='width: 700px;'>
        </div>
        <p> Press any key to save your data and return to Prolific!  <p>
      "," ","goodbye","html-keyboard-response","11","1211061","0.0-19.0","6550dd527fede9c068b3a08b","6690246c6dba4b8beab3c615","6693dcedc1fb16b737ddcf0d","",""
