"0","#| label: For full experiment code- Get post-intervention aggregate scores for slider questions"
"0","#| include: false"
"0",""
"0","post_euthanasia_sliders_df <- reverse_coded_scores_df %>%"
"0","   group_by(prolific_subject_id) %>%"
"0","  filter(grepl(""euthanasia-slider"", question)) %>%"
"0","  filter(condition != 'control free reflection') %>%"
"0","  filter(grepl(""post-convo"", phase)) %>%"
"0","  group_by(prolific_subject_id) %>%"
"0","  summarize("
"0","    total_score = sum(as.numeric(answer), na.rm = TRUE),"
"0","    post_mean_score = mean(as.numeric(answer), na.rm = TRUE),"
"0","    min_score = min(as.numeric(answer), na.rm = TRUE),"
"0","    max_score = max(as.numeric(answer), na.rm = TRUE)"
"0","  )"
"2","Warning:"
"2"," [38;5;253mThere were 2 warnings in `summarize()`.
The first warning was:[39m
[38;5;253m[36mâ„¹[38;5;253m In argument: `min_score = min(as.numeric(answer), na.rm = TRUE)`.[39m
Caused by warning in `min()`:
[33m![39m no non-missing arguments to min; returning Inf
[38;5;253m[36mâ„¹[38;5;253m Run ]8;;ide:run:dplyr::last_dplyr_warnings()dplyr::last_dplyr_warnings()]8;; to see the 1 remaining warning.[39m
"
"0","post_gender_sliders_df <- reverse_coded_scores_df %>%"
"0","   group_by(prolific_subject_id) %>%"
"0","  filter(grepl(""gender-slider"", question)) %>%"
"0","  filter(condition != 'control free reflection') %>%"
"0","  filter(grepl(""post-convo"", phase)) %>%"
"0","  group_by(prolific_subject_id) %>%"
"0","  summarize("
"0","    total_score = sum(as.numeric(answer), na.rm = TRUE),"
"0","    post_mean_score = mean(as.numeric(answer), na.rm = TRUE),"
"0","    min_score = min(as.numeric(answer), na.rm = TRUE),"
"0","    max_score = max(as.numeric(answer), na.rm = TRUE)"
"0","  )"
"2","Warning:"
"2"," [38;5;253mThere were 2 warnings in `summarize()`.
The first warning was:[39m
[38;5;253m[36mâ„¹[38;5;253m In argument: `min_score = min(as.numeric(answer), na.rm = TRUE)`.[39m
Caused by warning in `min()`:
[33m![39m no non-missing arguments to min; returning Inf
[38;5;253m[36mâ„¹[38;5;253m Run ]8;;ide:run:dplyr::last_dplyr_warnings()dplyr::last_dplyr_warnings()]8;; to see the 1 remaining warning.[39m
"
"0","post_healthcare_sliders_df <- reverse_coded_scores_df %>%"
"0","   group_by(prolific_subject_id) %>%"
"0","  filter(grepl(""healthcare-slider"", question)) %>%"
"0","  filter(condition != 'control free reflection') %>%"
"0","  filter(grepl(""post-convo"", phase)) %>%"
"0","  group_by(prolific_subject_id) %>%"
"0","  summarize("
"0","    total_score = sum(as.numeric(answer), na.rm = TRUE),"
"0","    post_mean_score = mean(as.numeric(answer), na.rm = TRUE),"
"0","    min_score = min(as.numeric(answer), na.rm = TRUE),"
"0","    max_score = max(as.numeric(answer), na.rm = TRUE)"
"0","  )"
"0",""
"0","post_bombing_sliders_df <- reverse_coded_scores_df %>%"
"0","   group_by(prolific_subject_id) %>%"
"0","  filter(grepl(""bombing-slider"", question)) %>%"
"0","  filter(condition != 'control free reflection') %>%"
"0","  filter(grepl(""post-convo"", phase)) %>%"
"0","  group_by(prolific_subject_id) %>%"
"0","  summarize("
"0","    total_score = sum(as.numeric(answer), na.rm = TRUE),"
"0","    post_mean_score = mean(as.numeric(answer), na.rm = TRUE),"
"0","    min_score = min(as.numeric(answer), na.rm = TRUE),"
"0","    max_score = max(as.numeric(answer), na.rm = TRUE)"
"0","  )"
"2","Warning:"
"2"," [38;5;253mThere were 2 warnings in `summarize()`.
The first warning was:[39m
[38;5;253m[36mâ„¹[38;5;253m In argument: `min_score = min(as.numeric(answer), na.rm = TRUE)`.[39m
Caused by warning in `min()`:
[33m![39m no non-missing arguments to min; returning Inf
[38;5;253m[36mâ„¹[38;5;253m Run ]8;;ide:run:dplyr::last_dplyr_warnings()dplyr::last_dplyr_warnings()]8;; to see the 1 remaining warning.[39m
"
"0","post_vaccines_sliders_df <- reverse_coded_scores_df %>%"
"0","   group_by(prolific_subject_id) %>%"
"0","  filter(grepl(""vaccines-slider"", question)) %>%"
"0","  filter(condition != 'control free reflection') %>%"
"0","  filter(grepl(""post-convo"", phase)) %>%"
"0","  group_by(prolific_subject_id) %>%"
"0","  summarize("
"0","    total_score = sum(as.numeric(answer), na.rm = TRUE),"
"0","    post_mean_score = mean(as.numeric(answer), na.rm = TRUE),"
"0","    min_score = min(as.numeric(answer), na.rm = TRUE),"
"0","    max_score = max(as.numeric(answer), na.rm = TRUE)"
"0","  )"
"0",""
"0","post_criminal_sliders_df <- reverse_coded_scores_df %>%"
"0","   group_by(prolific_subject_id) %>%"
"0","  filter(grepl(""criminal-slider"", question)) %>%"
"0","  filter(condition != 'control free reflection') %>%"
"0","  filter(grepl(""post-convo"", phase)) %>%"
"0","  group_by(prolific_subject_id) %>%"
"0","  summarize("
"0","    total_score = sum(as.numeric(answer), na.rm = TRUE),"
"0","    post_mean_score = mean(as.numeric(answer), na.rm = TRUE),"
"0","    min_score = min(as.numeric(answer), na.rm = TRUE),"
"0","    max_score = max(as.numeric(answer), na.rm = TRUE)"
"0","  )"
"2","Warning:"
"2"," [38;5;253mThere were 2 warnings in `summarize()`.
The first warning was:[39m
[38;5;253m[36mâ„¹[38;5;253m In argument: `min_score = min(as.numeric(answer), na.rm = TRUE)`.[39m
Caused by warning in `min()`:
[33m![39m no non-missing arguments to min; returning Inf
[38;5;253m[36mâ„¹[38;5;253m Run ]8;;ide:run:dplyr::last_dplyr_warnings()dplyr::last_dplyr_warnings()]8;; to see the 1 remaining warning.[39m
"
"0","post_same_sex_sliders_df <- reverse_coded_scores_df %>%"
"0","   group_by(prolific_subject_id) %>%"
"0","  filter(grepl(""same-sex-slider"", question)) %>%"
"0","  filter(condition != 'control free reflection') %>%"
"0","  filter(grepl(""post-convo"", phase)) %>%"
"0","  group_by(prolific_subject_id) %>%"
"0","  summarize("
"0","    total_score = sum(as.numeric(answer), na.rm = TRUE),"
"0","    post_mean_score = mean(as.numeric(answer), na.rm = TRUE),"
"0","    min_score = min(as.numeric(answer), na.rm = TRUE),"
"0","    max_score = max(as.numeric(answer), na.rm = TRUE)"
"0","  )"
"0",""
